Year,Title,Task,Authors,Co-authors,Corresponding,Author Full,Journel,Citation,Abstract,Theme
2019,Cluster width of probability density functions,Unsupervised learning,Tai Vo-Van,-,Tai Vo-Van,Tai Vo-Van,Intelligent Data Analysis: An International Journal,5,"This study establishes the new results for Cluster Width of probability Density functions (CWD). There are the upper and lower bounds of CWD and the relationships of CWD to other measures in statistical discriminant. The CWD for two and more two probability density functions is determined in the different cases. Based on CWD, we propose a measure called similar coefficient to evaluate the quality of the established clusters. Furthermore, CWD is also used as a criterion to build two algorithms: to determine the suitable number of clusters and to analyse the fuzzy clusters. The numerical examples are given to illustrate the proposed algorithms and to prove their advantages over existing methods.",Foundation
2019,A New Binary Adaptive Elitist Differential Evolution Based Automatic k-Medoids Clustering for Probability Density Functions,Unsupervised learning,Dinh Pham-Toan,Tai Vo-Van; Thi Pham-Chau; Thao Nguyen-Trang; Diem Ho-Kieu,Diem Ho-Kieu,Dinh Pham-Toan; Tai Vo-Van; Thi Pham-Chau; Thao Nguyen-Trang; Diem Ho-Kieu,Mathematical Problems in Engineering,9,"This paper proposes an evolutionary computing based automatic partitioned clustering of probability density function, the so-called binary adaptive elitist differential evolution for clustering of probability density functions (baeDE-CDFs). Herein, the k-medoids based representative probability density functions (PDFs) are preferred to the k-means one for their capability of avoiding outlier effectively. Moreover, addressing clustering problem in favor of an evolutionary optimization one permits determining number of clusters “on the run”. Notably, the application of adaptive elitist differential evolution (aeDE) algorithm with binary chromosome representation not only decreases the computational burden remarkably, but also increases the quality of solution significantly. Multiple numerical examples are designed and examined to verify the proposed algorithm’s performance, and the numerical results are evaluated using numerous criteria to give a comprehensive conclusion. After some comparisons with other algorithms in the literature, it is worth noticing that the proposed algorithm reveals an outstanding performance in both quality of solution and computational time in a statistically significant way.", Meta-heuristic Optimization
2020,A new approach for face detection using the maximum function of probability density functions,Supervised learning,Ha Che-Ngoc,Thao Nguyen-Trang; Tran Nguyen-Bao; Trung Nguyen-Thoi; Tai Vo-Van,Tai Vo-Van,Ha Che-Ngoc; Thao Nguyen-Trang; Tran Nguyen-Bao; Trung Nguyen-Thoi; Tai Vo-Van, Annals of Operations Rese Annals of Operations Researcharch,14,"This article establishes some theoretical results about the maximum function of probability density functions and the integration of it. Using the probability density function extracted from the image as a relatively stable feature of the image and  as a measure the similarity between a ""face"" candidate region and a group of training face images, we propose a new face detection method, one of the most challenging tasks related to image analysis. The experiments demonstrate the competitiveness of the proposed method, especially in the case of rotated images. It also shows potential in real application of the researched problem.",Application
2020,Improving fuzzy clustering model for probability density functions using the two-objective genetic algorithm,Unsupervised learning,Dinh Pham-Toan,Tai Vo-Van,Tai Vo-Van,Dinh Pham-Toan; Tai Vo-Van, Multimedia Tools and Applications,7,"This paper proposes a fuzzy clustering model for probability density functions (PDFs) using the two-objective genetic algorithm. In this model, the L1-distance is used to evaluate the similarity of PDFs, and new two indexes that relate to the similarity of PDFs and clusters are proposed as the objective functions of genetic algorithm. Moreover, the operators for crossover, mutation, and selection are also updated to improve the quality of fuzzy clustering according to the corrected rand, the partition entropy, and the partition coefficients. By combining these improvements, we have an effective automatic fuzzy clustering algorithm for PDFs that can determine the appropriate number of clusters, the elements in each cluster, and the probability belonging to clusters of each element. The proposed model is tested through experiments using the established Matlab procedure, and it is also applied effectively to image data. These experiments demonstrate the superiority of the proposed model compared to other models.",Meta-heuristic Optimization
2020,A jackknife entropy-based clustering algorithm for probability density functions,Unsupervised learning,Jen-Hao Chen,Wen-Liang Hung,Wen-Liang Hung,Jen-Hao Chen; Wen-Liang Hung,Journal of Statistical Computation and Simulation ,6,"This paper proposes a new unsupervised learning algorithm called jackknife entropy-based clustering algorithm for grouping families of probability density functions (pdfs). The fitness function is used to choose the best threshold values of similarity in the proposed algorithm. We demonstrate the correctness and robustness of the proposed algorithm on a synthetic data set. Finally, we apply the algorithm to texture clustering.",Foundation
2021,entropy-based supervised learning for probability density functions,Unsupervised learning,Rusul Mohsin Moharib Alsarray,Yarob Abdullah,Rusul Mohsin Moharib Alsarray,Rusul Mohsin Moharib Alsarray; Yarob Abdullah,National Conference on the Latest Achievements in Data Engineering and Soft Knowledge and Computing,0,"Clustering is the task of dividing the population or data points into a number of groups such that data points in the same groups are more similar to other data points in the same group than those in other groups. This paper proposes a new unsupervised learning algorithm called the jackknife entropy-based clustering algorithm for grouping families of probability density functions (pdfs). To this end, the Renyi entropy with accomplishing the KullbackLeibler divergence is utilized. Using the aforementioned strategy, the clustering method is examined through some simulation studies. Their advantages are provided and finally, a real data set are analyzed.",Foundation
2021,Fuzzy kernel K‑medoids clustering algorithm for uncertain data objects,Unsupervised learning,Behnam Tavakkol,Youngdoo Son,Behnam Tavakkol,Behnam Tavakkol; Youngdoo Son, Pattern Analysis and Applications,15,"Most data mining algorithms are designed for traditional type of data objects which are referred to as certain data objects. Certain data objects contain no uncertainty information and are represented by a single point. Capturing uncertainty can result in better performance of algorithms as they might generate more accurate results. There are different ways of modeling uncertainty for data objects, two of the most popular ones are: (1) considering a group of points for each object and (2) considering a probability density function (pdf) for each object. Objects modeled in these ways are referred to as uncertain data objects. Fuzzy clustering is a well-established field of research for certain data. When fuzzy clustering algorithms are used, degrees of membership are generated for assignment of objects to clusters which gives the flexibility to express that objects can belong to more than one cluster. To the best of our knowledge, for uncertain data, there is only one existing fuzzy clustering algorithm in the literature. The existing uncertain fuzzy clustering algorithm, however, cannot properly create non-convex shaped clusters, and therefore, its performance is not that well on uncertain data sets with arbitrary-shaped clusters—clusters that are non-convex, unconventional, and possibly nonlinearly separable. In this paper, we propose a novel fuzzy kernel K-medoids clustering algorithm for uncertain objects which works well on data sets with arbitrary-shaped clusters. We show through several experiments on synthetic and real data that the proposed algorithm outperforms the competitor algorithms: certain fuzzy K-medoids and the uncertain fuzzy K-medoids.",Foundation
2022,Balance-driven automatic clustering for probability density functions using metaheuristic optimization,Unsupervised learning,Thao Nguyen-Trang,Trung Nguyen-Thoi; Kim-Ngan Nguyen-Thi; Tai Vo-Van,Tai Vo-Van,Thao Nguyen-Trang; Trung Nguyen-Thoi; Kim-Ngan Nguyen-Thi; Tai Vo-Van, International Journal of Machine Learning and Cybernetics,17,"For solving the clustering for probability density functions (CDF) problem with a given number of clusters, the metaheuristic optimization (MO) algorithms have been widely studied because of their advantages in searching for the global optimum. However, the existing approaches cannot be directly extended to the automatic CDF problem for determining the number of clusters k. Besides, balance-driven clustering, an essential research direction recently developed in the problem of discrete-element clustering, has not been considered in the field of CDF. This paper pioneers a technique to apply an MO algorithm for resolving the balance-driven automatic CDF. The proposed method not only can automatically determine the number of clusters but also can approximate the global optimal solution in which both the clustering compactness and the clusters’ size similarity are considered. The experiments on one-dimensional and multidimensional probability density functions demonstrate that the new method possesses higher quality clustering solutions than the other conventional techniques. The proposed method is also applied in analyzing the difficulty levels of entrance exam questions.",Meta-heuristic Optimization
2023,Globally automatic fuzzy clustering for probability density functions and its application for image data,Unsupervised learning,Thao Nguyen-Trang,Trung Nguyen-Thoi; Tai Vo-Van,Tai Vo-Van,Thao Nguyen-Trang; Trung Nguyen-Thoi; Tai Vo-Van, Applied Intelligence,14,"Clustering for probability density functions (CDF) can be categorized as non-fuzzy and fuzzy approaches. Regarding the second approach, the iterative refinement technique has been used for searching the optimal partition. This method could be easily trapped at a local optimum. In order to find the global optimum, a meta-heuristic optimization (MO) algorithm must be incorporated into the fuzzy CDF problem. However, no research utilizing MO to solve the fuzzy CDF problem has been proposed so far due to the lack of a reasonable encoding for converting a fuzzy clustering solution to a chromosome. To address this shortcoming, a new definition called Gaussian prototype is defined first. This type of prototype is capable of accurately representing the cluster without being overly complex. As a result, prototypes’ information can be easily integrated into the chromosome via a novel prototype-based encoding method. Second, a new objective function is introduced to evaluate a fuzzy CDF solution. Finally, Differential Evolution (DE) is used to determine the optimal solution for fuzzy clustering. The proposed method, namely DE-AFCF, is the first to propose a globally automatic fuzzy CDF algorithm, which not only can automatically determine the number of clusters k but also can search for the optimal fuzzy partition matrix by taking into account both clustering compactness and separation. The DE-AFCF is also applied in some image clustering problems, such as processed image detection, and traffic image recognition.",Meta-heuristic Optimization
2023,Automatic fuzzy clustering for probability density functions using the genetic algorithm,Unsupervised learning,Dinh Pham-Toan,Tai Vo-Van,Tai Vo-Van,Dinh Pham-Toan; Tai Vo-Van,Neural Computing and Applications,8,"Based on the genetic algorithm, this study develops the new fuzzy clustering method for probability density functions (pdfs) with the important improvements. First, the L1-distance is proposed as the measure to evaluate the level similar of the pdfs. It is surveyed to find the bounds and established the methods to compute. Second, we propose the new objective for the genetic algorithm. This objective measures both the similarity of elements in each group and the quality of clustering. Finally, the operators such as crossover, mutation, and selection of the traditional genetic algorithm are improved. Combining these improvements, we have an efficient cluster analysis algorithm for pdfs. In this algorithm, the proper number of groups, the specific pdfs in each cluster, and the fuzzy relationship between the pdf to the established clusters are determined at the same time. The convergence of the proposed algorithm is proved by theory and performed by the established MATLAB program. The experiments and applications show superiority of the developed algorithm in comparing to the existing algorithms. The proposed algorithm is also applied in recognizing images to certify the feasibility and applicability of the studied problem.",Meta-heuristic Optimization
2024,A new possibilistic-based clustering method for probability density functions and its application to detecting abnormal elements,Unsupervised learning,Hung Tran-Nam,Thao Nguyen-Trang; Ha Che-Ngoc,Thao Nguyen-Trang,Hung Tran-Nam; Thao Nguyen-Trang; Ha Che-Ngoc,Scientific Reports,1,"Cluster analysis can also detect abnormalities besides building a basis for identifying elements into clusters. Detecting abnormalities is a highly developed feature in the field of unsupervised learning. However, existing studies have mainly focused on discrete data, not probability density functions. This paper enables a possibilistic approach to solving the clustering for probability density functions dealing with abnormal elements. First, the data are extracted using the density function. Then, they are passed through the proposed algorithm to produce a possibilistic partition. Finally, a decision rule is established to recognize which function is abnormal. We compare the proposed algorithm with baseline algorithms in clustering PDFs, such as k-means, FCF, and Self-Updated Clustering. The results of three numerical examples applied to the image are typical for this new method. Furthermore, The proposed algorithm reaches accuracy at 100% over simulated benchmark data and outperforms baseline methods. Additionally, two last examples apply to image data reaching G-mean up from 96 to 100% (Sensitivity: 92–100% and Specificity: 100%). The proposed method can be researched and used to understand the internal structures of big data in the digital age through the probability density functions.",Anomaly Detection
2024,A new semi-supervised clustering algorithm for probability density functions and applications,Supervised learning,Thao Nguyen-Trang,Yen Nguyen-Hoang; Tai Vo-Van,Tai Vo-Van,Thao Nguyen-Trang; Yen Nguyen-Hoang; Tai Vo-Van,Neural Computing and Applications,1,"Semi-supervised clustering has gained significant attention from researchers due to its advantages over unsupervised clustering. However, existing studies have predominantly focused on discrete data. This paper pioneers the application of semi-supervised clustering to probability density functions. The proposed algorithm encompasses detailed implementation steps, a convergence proof, and the ability to address computational challenges. The algorithm has been effectively implemented on image data, resulting in the transformation of each image into a probability density function that is representative. In comparison to existing unsupervised algorithms, the efficacy of the proposed algorithm in partitioning and reducing computational costs is demonstrated through numerical examples and applications.",Anomaly Detection
2024,Improving fuzzy clustering model for probability density functions using the two-objective genetic algorithm,Unsupervised learning,Dinh Pham-Toan,Tai Vo-Van,Tai Vo-Van,Dinh Pham-Toan; Tai Vo-Van,Multimedia Tools and Applications,7,"This paper proposes a fuzzy clustering model for probability density functions (PDFs) using the two-objective genetic algorithm. In this model, the L1-distance is used to evaluate the similarity of PDFs, and new two indexes that relate to the similarity of PDFs and clusters are proposed as the objective functions of genetic algorithm. Moreover, the operators for crossover, mutation, and selection are also updated to improve the quality of fuzzy clustering according to the corrected rand, the partition entropy, and the partition coefficients. By combining these improvements, we have an effective automatic fuzzy clustering algorithm for PDFs that can determine the appropriate number of clusters, the elements in each cluster, and the probability belonging to clusters of each element. The proposed model is tested through experiments using the established Matlab procedure, and it is also applied effectively to image data. These experiments demonstrate the superiority of the proposed model compared to other models.",Meta-heuristic Optimization
2024,A supervised learning algorithm based on the quasi-Bayesian method for the probability density functions and application for medical data,Supervised learning,Tai Vo-Van,Dinh Pham-Toan,Tai-Vo Van; Dinh Pham-Toan,Tai Vo-Van; Dinh Pham-Toan,Knowledge-Based Systems,4,"This study proposes a new supervised learning algorithm for probability density functions (PDFs) and effectively applies it to medical images. The proposed algorithm is demonstrated step by step, illustrated with a numerical example, and proofed the convergence. This algorithm contributes significantly to the field of recognition in four key areas. The first contribution is the improvement of determining prior probabilities by establishing a method based on the fuzzy relationship between each classified PDF and groups within the training set through cluster analysis technique. The next contribution involves developing a new measure to evaluate the level of similarity between the classified PDFs and the considered groups. Another contribution is the establishment of a new classification principle, quasi-Bayes, for PDFs. The final contribution of this study is the application of the proposed algorithm to both numerical and image data, where objects are represented as representative PDFs. Practical applications on various medical datasets with different characteristics have demonstrated the outstanding advantages of the proposed algorithm over other methods, including traditional statistics, machine learning, and deep learning approaches, based on metrics such as ACC, AUC, F1-Score, and One-way ANOVA test. Specifically, experimental results of the Skin cancer data show that the proposed algorithm achieved an ACC index of 98.024%, higher than other methods, including ResNet-50, Inception ResNet V2, and CNN with 97.33%, 97.815%, and 80.702%, respectively. Similarly, the proposed algorithm also obtained notable results for other indices such as AUC and F1-Score. Additionally, we also obtained similar results for the Brain tumour dataset.",Application
2024,"Regression Tree and Clustering for Distributions, and Homogeneous Structure of Population Characteristics",Unsupervised learning,Mihoko Minami,Cleridy E. Lennert-Cody ,Mihoko Minami,Mihoko Minami; Cleridy E. Lennert-Cody ,"Journal of Agricultural, Biological and Environmental Statistics",2,"Scientists often collect samples on characteristics of different observation units and wonder whether those characteristics have similar distributional structure. We consider methods to find homogeneous subpopulations in a multidimensional space using regression tree and clustering methods for distributions of a population characteristic. We present a new methodology to estimate a standardized measure of distance between clusters of distributions and for hierarchical testing to find the minimal homogeneous or near-homogeneous tree structure. In addition, we introduce hierarchical clustering with adjacency constraints, which is useful for clustering georeferenced distributions. We conduct simulation studies to compare clustering performance with three measures: Modified Jensen–Shannon divergence (MJS), Earth Mover’s distance and Cramér–von Mises distance to validate the proposed testing procedure for homogeneity. As a motivational example, we introduce georeferenced yellowfin tuna fork length data collected from the catch of purse-seine vessels that operated in the eastern Pacific Ocean. Hierarchical clustering, with and without spatial adjacency constraints, and regression tree methods were applied to the density estimates of length. While the results from the two methods showed some similarities, hierarchical clustering with spatial adjacency produced a more flexible partition structure, without requiring additional covariate information. Clustering with MJS produced more stable results than clustering with the other measures.",Tree-based Clustering
2025,Classifying for images based on the extracted color scales and representative probability density functions,Supervised learning,Tai Vo-Van,-,Tai Vo-Van,Tai Vo-Van,Expert Systems with Applications,NA,"This study focuses on the simultaneous extraction of red, green, and blue color features from an image. These extracted features are then represented as three probability density functions (PDFs). Additionally, the study employs an effective measure to evaluate the similarity between two PDFs. Moreover, an algorithm based on the fuzzy cluster analysis technique is proposed to determine the prior probabilities for classifying the image. By combining these proposals with the quasi-Bayesian method, we present a pioneering algorithm for image classification using representative PDFs. The proposed algorithm is meticulously explained with clarity and detail, supplemented by numerical examples to provide comprehensive illustrations. The convergence and computational challenges in the practical application of the algorithm are thoroughly addressed. Through various real-world applications, the effectiveness of the proposed algorithm has been demonstrated, surpassing the performance of other existing algorithms. These results underscore the potential of this research in image recognition and open the path for further exploration in different domains of real-world applications.",Application
2025,A enhanced fuzzy clustering algorithm for probability density functions and image clustering using Inception Resnet-v2 features,Supervised learning,Dinh Pham-Toan,-,Dinh Pham-Toan,Dinh Pham-Toan,Data Mining and Knowledge Discovery,NA,"This paper proposes a novel fuzzy clustering algorithm for probability density functions (PDFs) utilizing an improved Kullback–Leibler divergence (FCP). The proposed algorithm not only determines the optimal number of clusters and assigns PDFs to these clusters but also defines the fuzzy membership degrees between the PDFs and the identified clusters based on the improved divergence measure. The convergence and stability of the FCP algorithm are theoretically guaranteed through two theorems: Theorem 1 proves the convergence of cluster centers as iterations proceed, while Theorem 2 establishes the optimal update formulas for cluster centers and membership matrix by minimizing the clustering objective function via derivative and Lagrangian methods. The effectiveness of the FCP algorithm is demonstrated through a numerical example, where the improved Kullback–Leibler divergence is compared with both L1 and L2-distances. Additionally, the algorithm is applied to cluster an image dataset based on features extracted using the Inception Resnet-v2 architecture. The experimental results show that the FCP algorithm outperforms existing models, achieving both accuracy and F1-Score of over 99%, along with a statistically significant improvement according to one-way ANOVA testing.",Application
2025,A Novel Supervised Learning Model for MRI Image Using Fuzzy Clustering and Naïve Bayes Algorithms,Supervised learning,Thu-Anh Nguyen-Tran,An-Thien Nguyen-Ngoc; Dinh Pham-Toan,Dinh Pham-Toan,Thu-Anh Nguyen-Tran; An-Thien Ngoc-Nguyen; Dinh Pham-Toan,Model Assisted Statistics and Applications,NA,"This study introduces a novel supervised learning algorithm with multiple enhancements designed specifically for MRI image analysis. After MRI images preprocessing, we use fuzzy clustering algorithm to segment them. This step helps to highlight the differences between pixel groups in different clusters. Once the dataset is enhanced, we extract the structural features from each image and estimate the probability density functions that represent each cluster. The prior probabilities of classified images are then determined, and the images are categorized using the Naïve Bayes method. The authors developed an efficient supervised learning algorithm for MRI image analysis building on these innovations. The proposed algorithm can be implemented on MATLAB. When tested on cancer imaging datasets, it consistently outperformed other classification methods like ResNet50 and VGG16, demonstrating its effectiveness and reliability.",Application
2023,Cluster Validity Index for Uncertain Data Based on a Probabilistic Distance Measure in Feature Space,Unsupervised learning,Changwan Ko,Jaeseung Baek; Behnam Tavakkol; Young-Seon Jeong,Young-Seon Jeong,Changwan Ko; Jaeseung Baek; Behnam Tavakkol; Young-Seon Jeong,Sensors,8,"Cluster validity indices (CVIs) for evaluating the result of the optimal number of clusters are critical measures in clustering problems. Most CVIs are designed for typical data-type objects called certain data objects. Certain data objects only have a singular value and include no uncertainty, so they are assumed to be information-abundant in the real world. In this study, new CVIs for uncertain data, based on kernel probabilistic distance measures to calculate the distance between two distributions in feature space, are proposed for uncertain clusters with arbitrary shapes, sub-clusters, and noise in objects. By transforming original uncertain data into kernel spaces, the proposed CVI accurately measures the compactness and separability of a cluster for arbitrary cluster shapes and is robust to noise and outliers in a cluster. The proposed CVI was evaluated for diverse types of simulated and real-life uncertain objects, confirming that the proposed validity indexes in feature space outperform the pre-existing ones in the original space.",Foundation
